Left context;Center;Punct;Subject;Number;Gender;Animacy;Verb;Verb_of_speech;Ger;Verb_time;Object;Protiv1;Protiv2;Right context;Full context;;;;;;;;;;;;;Title;Author;Birthday;Header;Created;Sphere;Type;Topic;Publication;Publ_year;Medium;Ambiguity
  [agd-ardin, nick]   Так!   ; Чуть ;  ;[я];Sg;M;1;забыть;0;0;Past;0;0;0;не забыл!   паспорт не забудь ; [agd-ardin, nick]   Так!   Чуть не забыл!   паспорт не забудь!  [Переписка в icq между agd-ardin и Колючий друг (2008.01.25)] [омонимия снята];;;;;;;;;;;;;Переписка в icq между agd-ardin и Колючий друг (2008.01.25) ; ; ;Переписка в icq между agd-ardin и Колючий друг ;2008.01.25 ;электронная коммуникация ,  нехудожественная ;интернет-пейджер ;частная жизнь ; ; ;электронный текст ;омонимия снята
"  ""Так женись на мне!"" ? "; чуть ;  ;я;Sg;F;1;закричать;1;0;Past;0;0;0;не закричала я.  ;" ""Так женись на мне!"" ? чуть не закричала я.  [Ольга Зуева. Скажи, что я тебе нужна... // «Даша», 2004] [омонимия снята]";;;;;;;;;;;;;Ольга Зуева. Скажи, что я тебе нужна... // «Даша», 2004 ;Ольга Зуева ; ;Скажи, что я тебе нужна... ;2004 ;публицистика, нехудожественная ;статья ;частная жизнь ;«Даша» ;2004 ;журнал ;омонимия снята
 идти в магазин, подмести…  Я ; чуть ;  ;я;Sg;F;1;ахнуть;1;0;Past;0;0;0;не ахнула, поняв это.   ? Павлик ;" Он не ждёт от меня ничего, кроме упрёков, ругани и требований ""немедленно перестать"" и начать заниматься, идти в магазин, подмести…  Я чуть не ахнула, поняв это.   ? Павлик… я… это… хотела у тебя спросить…  [Елена Павлова. Вместе мы эту пропасть одолеем! // «Даша», 2004] [омонимия снята]";;;;;;;;;;;;;Елена Павлова. Вместе мы эту пропасть одолеем! // «Даша», 2004 ;Елена Павлова ; ;Вместе мы эту пропасть одолеем! ;2004 ;публицистика, нехудожественная ;статья ;частная жизнь ;«Даша» ;2004 ;журнал ;омонимия снята
 был не в курсе) и ; чуть ;  ;мои;Pl;Pl;1;задохнуться;0;0;Past;0;0;0;не задохнулись в вонючем дыму ; Причём во время пожара мои не могли выйти из квартиры (я ехал на работу и был не в курсе) и чуть не задохнулись в вонючем дыму….  [Запись LiveJournal (2004)] [омонимия снята];;;;;;;;;;;;;Запись LiveJournal (2004) ; ;1965 ;Запись LiveJournal ;2004 ;электронная коммуникация, нехудожественная ;блог ;частная жизнь ; ;2004 ;электронный текст ;омонимия снята
 И пеликан, услыхав подводный голос, ; чуть ;  ;пеликан;Sg;M;1;лишиться рассудка;0;0;Past;3;0;0;не лишился рассудка.  ;  И пеликан, услыхав подводный голос, чуть не лишился рассудка.  [Александр Дорофеев. Эле-Фантик // «Мурзилка», 2003] [омонимия снята];;;;;;;;;;;;;Александр Дорофеев. Эле-Фантик // «Мурзилка», 2003 ;Александр Дорофеев ; ;Эле-Фантик ;2003 ;художественная ;рассказ ; ;«Мурзилка» ;2003 ;журнал ;омонимия снята
 лупить с дальних дистанций и ; чуть ;  ;Кудряшов;Sg;M;1;проломить;0;0;Past;1;0;0;не проломил Дудеку рёбра, выстрелив ; Кудряшов оспорил привилегию Бесчастных лупить с дальних дистанций и чуть не проломил Дудеку рёбра, выстрелив в самом конце игры из-за штрафной.  [Филипп Бахтин. Повод для радости. «Спартак» забил свой первый гол в Лиге чемпионов (2002) // «Известия», 2002.10.23] [омонимия снята];;;;;;;;;;;;;Филипп Бахтин. Повод для радости. «Спартак» забил свой первый гол в Лиге чемпионов (2002) // «Известия», 2002.10.23 ;Филипп Бахтин ; ;Повод для радости. «Спартак» забил свой первый гол в Лиге чемпионов ;2002 ;публицистика, нехудожественная ;статья ;спорт ;«Известия» ;2002.10.23 ;газета ;омонимия снята
"   Ольга БОЙЦОВА   ""ПлЕйбой"" "; чуть ;  ;"""Плейбой""";Sg;M;0;раздеть;0;0;Past;1;0;0;не раздел депутата   На страницах ;"  Ольга БОЙЦОВА   ""ПлЕйбой"" чуть не раздел депутата   На страницах февральского выпуска китайскоязычного издания журнала ""Playboy"" появились фотографии члена парламента Тайваня 41-летней Ю Юхсии.  [Ольга Бойцова. «Плейбой» чуть не раздел депутата (2002) // «Вечерняя Москва», 2002.02.07] [омонимия снята]";;;;;;;;;;;;;Ольга Бойцова. «Плейбой» чуть не раздел депутата (2002) // «Вечерняя Москва», 2002.02.07 ;Ольга Бойцова ; ;«Плейбой» чуть не раздел депутата ;2002 ;публицистика, нехудожественная ;заметка ;политика и общественная жизнь ;«Вечерняя Москва» ;2002.02.07 ;газета ;омонимия снята
 приготовить раствор самостоятельно, чуть переложили, ; чуть ;  ;вы;Pl;Pl;1;доложить;1;0;Past;0;и;0;не доложили ? и смесь уже ; Если же вы решили приготовить раствор самостоятельно, чуть переложили, чуть не доложили ? и смесь уже не та.  [Елена Волкова. «Сухой закон» отделки (2002) // «Биржа плюс свой дом» (Н. Новгород), 2002.05.20] [омонимия снята];;;;;;;;;;;;;Елена Волкова. «Сухой закон» отделки (2002) // «Биржа плюс свой дом» (Н. Новгород), 2002.05.20 ;Елена Волкова ; ;«Сухой закон» отделки ;2002 ;публицистика, нехудожественная ;статья ;дом и домашнее хозяйство ;«Биржа плюс свой дом» (Н. Новгород) ;2002.05.20 ;газета ;омонимия снята
" лет успешного плавания, с ""Корветом"" "; чуть ;  ;беда;Sg;F;0;приключиться;0;0;Past;2;0;0;не приключилась беда.  ;" И именно здесь, после семи лет успешного плавания, с ""Корветом"" чуть не приключилась беда.  [Александр Новиков, Дмитрий Гронский. Двое в лодке (2002) // «Автопилот», 2002.09.15] [омонимия снята]";;;;;;;;;;;;;Александр Новиков, Дмитрий Гронский. Двое в лодке (2002) // «Автопилот», 2002.09.15 ;Александр Новиков, Дмитрий Гронский ; ;Двое в лодке ;2002 ;публицистика, нехудожественная ;статья ;техника ;«Автопилот» ;2002.09.15 ;журнал ;омонимия снята
 делать в жизни.  А ведь ; чуть ;  ;[я];Sg;M;1;стать;0;0;Past;2;0;1;не стал священником!  ;" Позже посмотрел ""Волосы"" и понял, что мне делать в жизни.  А ведь чуть не стал священником!  [Валерий Кичин. Москва у стен Нотр-Дам (2002) // «Известия», 2002.05.21] [омонимия снята]";;;;;;;;;;;;;Валерий Кичин. Москва у стен Нотр-Дам (2002) // «Известия», 2002.05.21 ;Валерий Кичин ; ;Москва у стен Нотр-Дам ;2002 ;публицистика, нехудожественная ;интервью ;искусство и культура ;«Известия» ;2002.05.21 ;газета ;омонимия снята
   ? Сдачи дать?   Я ; чуть ;  ;я;Sg;M;1;взять;0;0;Past;0;0;0;не взял.   7 декабря.  ;  ? Сдачи дать?   Я чуть не взял.   7 декабря.  [Андрей Колесников. Бублики Мондео (2002) // «Автопилот», 2002.01.15] [омонимия снята];;;;;;;;;;;;;Андрей Колесников. Бублики Мондео (2002) // «Автопилот», 2002.01.15 ;Андрей Колесников ; ;Бублики Мондео ;2002 ;публицистика, нехудожественная ;дневник ;частная жизнь ;«Автопилот» ;2002.01.15 ;журнал ;омонимия снята
   Я ему ; чуть ;  ;я;Sg;M;1;сказать;1;0;Past;1;0;0;"не сказал: ""Как же так ";"  Я ему чуть не сказал: ""Как же так, я же выпил!  [Андрей Колесников. Бублики Мондео (2002) // «Автопилот», 2002.01.15] [омонимия снята]";;;;;;;;;;;;;Андрей Колесников. Бублики Мондео (2002) // «Автопилот», 2002.01.15 ;Андрей Колесников ; ;Бублики Мондео ;2002 ;публицистика, нехудожественная ;дневник ;частная жизнь ;«Автопилот» ;2002.01.15 ;журнал ;омонимия снята
 Первый диск у меня уже ; чуть ;  ;0;Pl;Pl;1;украсть;0;0;Past;1;0;0;не украли, сейчас вот надо ; Первый диск у меня уже чуть не украли, сейчас вот надо будет обеими руками держаться за второй.  [Алексей Мокроусов. Слово Ларисе Миллер (2002) // «Домовой», 2002.08.04] [омонимия снята];;;;;;;;;;;;;Алексей Мокроусов. Слово Ларисе Миллер (2002) // «Домовой», 2002.08.04 ;Алексей Мокроусов ; ;Слово Ларисе Миллер ;2002 ;публицистика, нехудожественная ;обзор ;досуг, зрелища и развлечения ;«Домовой» ;2002.08.04 ;журнал ;омонимия снята
 вылетела на середину дороги и ; чуть ;  ;Анжелика;Sg;F;1;угодить;0;0;Past;2;0;0;не угодила под огромный рефрижератор ;" Однажды Анжелика на том самом ""БМВ"" рванула с места так, что вылетела на середину дороги и чуть не угодила под огромный рефрижератор.  [Наталья Склярова. Если бы у медведя было ружье (2002) // «Вечерняя Москва», 2002.02.07] [омонимия снята]";;;;;;;;;;;;;Наталья Склярова. Если бы у медведя было ружье (2002) // «Вечерняя Москва», 2002.02.07 ;Наталья Склярова ; ;Если бы у медведя было ружье ;2002 ;публицистика, нехудожественная ;статья ;частная жизнь ;«Вечерняя Москва» ;2002.02.07 ;газета ;омонимия снята
 советского дипломата в Праге, однажды ; чуть ;  ;Оля Аросева;Sg;F;1;устроить;0;0;Past;1;0;0;не устроила международный скандал.  ;  Будущая актриса Оля Аросева, дочь советского дипломата в Праге, однажды чуть не устроила международный скандал.  [Наталья Склярова. Казаки-разбойники (2002) // «Вечерняя Москва», 2002.01.10] [омонимия снята];;;;;;;;;;;;;Наталья Склярова. Казаки-разбойники (2002) // «Вечерняя Москва», 2002.01.10 ;Наталья Склярова ; ;Казаки-разбойники ;2002 ;публицистика, нехудожественная ;статья ;искусство и культура ;«Вечерняя Москва» ;2002.01.10 ;газета ;омонимия снята
 по ночному Парижу, и я ; чуть ;  ;я;Sg;F;1;заплакать;0;0;Past;0;0;и;не заплакала.  ;  Мы ехали в этот момент по ночному Парижу, и я чуть не заплакала.  [Сати Спивакова. Не всё (2002)] [омонимия снята];;;;;;;;;;;;;Сати Спивакова. Не всё (2002) ;Сати Спивакова ;1962 ;Не всё ;2002 ;публицистика, нехудожественная ;мемуары ; ;Сати Спивакова. Не всё ;2002 ;книга ;омонимия снята
 пошутил со мной, так я ; чуть ;  ;я;Sg;F;1;лишиться сознания;0;0;Past;3;0;так;не лишилась сознания.  ; (Однажды он пошутил со мной, так я чуть не лишилась сознания.  [Сати Спивакова. Не всё (2002)] [омонимия снята];;;;;;;;;;;;;Сати Спивакова. Не всё (2002) ;Сати Спивакова ;1962 ;Не всё ;2002 ;публицистика, нехудожественная ;мемуары ; ;Сати Спивакова. Не всё ;2002 ;книга ;омонимия снята
 в порядке.   ? А вот нас ; чуть ;  ;0;Pl;Pl;1;убить;0;0;Past;1;0;а вот;не убили.   Её голос сразу ;  ? Всё в порядке.   ? А вот нас чуть не убили.   Её голос сразу взлетает на колоратуру.  [Сати Спивакова. Не всё (2002)] [омонимия снята];;;;;;;;;;;;;Сати Спивакова. Не всё (2002) ;Сати Спивакова ;1962 ;Не всё ;2002 ;публицистика, нехудожественная ;мемуары ; ;Сати Спивакова. Не всё ;2002 ;книга ;омонимия снята
 когда глянули на часы, то ; чуть ;  ;[мы];Pl;Pl;1;остолбенеть;0;0;Past;0;0;0;не остолбенели…  ; Зашли туда огромной толпой, открыли бутылку шампанского, распили её, начали играть во дворе в снежки и так заигрались, что когда глянули на часы, то чуть не остолбенели…  [Светлана Ткачева. Новый год и звезды (2002) // «100% здоровья», 2002.11.11] [омонимия снята];;;;;;;;;;;;;Светлана Ткачева. Новый год и звезды (2002) // «100% здоровья», 2002.11.11 ;Светлана Ткачева ; ;Новый год и звезды ;2002 ;публицистика, нехудожественная ;интервью ;частная жизнь ;«100% здоровья» ;2002.11.11 ;журнал ;омонимия снята
 руки устали совсем.  К утру ; чуть ;  ;[руки];Pl;Pl;0;оторваться;0;0;Past;0;0;0;не оторвались.   Она говорит? ты ; Только руки устали совсем.  К утру чуть не оторвались.   Она говорит? ты его всё время на руках, что ли, таскаешь?  [Андрей Геласимов. Жанна (2001)] [омонимия снята];;;;;;;;;;;;;Андрей Геласимов. Жанна (2001) ;Андрей Геласимов ;1966 ;Жанна ;2001 ;художественная ;рассказ ; ;Геласимов А. Фокс Малдер похож на свинью: Повесть, рассказы ;2001 ;книга ;омонимия снята
  Она и Одри.  Я ; чуть ;  ;я;Sg;M;1;свалиться;0;0;Past;2;0;0;не свалился со стула.  1929 ; Она и Одри.  Я чуть не свалился со стула.  1929 год.  [Андрей Геласимов. Нежный возраст (2001)] [омонимия снята];;;;;;;;;;;;;Андрей Геласимов. Нежный возраст (2001) ;Андрей Геласимов ;1966 ;Нежный возраст ;2001 ;художественная ;рассказ ; ;Геласимов А. Фокс Малдер похож на свинью: Повесть, рассказы ;2001 ;книга ;омонимия снята
 На прошлой неделе сам ведь ; чуть ;  ;сам;Sg;M;1;свалиться;0;0;Past;0;0;0;не свалился.  ; На прошлой неделе сам ведь чуть не свалился.  [Андрей Геласимов. Ты можешь (2001)] [омонимия снята];;;;;;;;;;;;;Андрей Геласимов. Ты можешь (2001) ;Андрей Геласимов ;1966 ;Ты можешь ;2001 ;художественная ;рассказ ; ;Геласимов А. Фокс Малдер похож на свинью: Повесть, рассказы ;2001 ;книга ;омонимия снята
  Когда хоронили первого, гроб ; чуть ;  ;0;Pl;Pl;1;уронить;0;0;Past;1;0;0;не уронили.  ; Когда хоронили первого, гроб чуть не уронили.  [Андрей Геласимов. Фокс Малдер похож на свинью (2001)] [омонимия снята];;;;;;;;;;;;;Андрей Геласимов. Фокс Малдер похож на свинью (2001) ;Андрей Геласимов ;1966 ;Фокс Малдер похож на свинью ;2001 ;художественная ;повесть ; ;Геласимов А. Фокс Малдер похож на свинью: Повесть, рассказы ;2001 ;книга ;омонимия снята
   Она ; чуть ;  ;она;Sg;F;1;треснуть;0;0;Past;1;0;0;не треснула меня по затылку ;  Она чуть не треснула меня по затылку.  [Андрей Геласимов. Фокс Малдер похож на свинью (2001)] [омонимия снята];;;;;;;;;;;;;Андрей Геласимов. Фокс Малдер похож на свинью (2001) ;Андрей Геласимов ;1966 ;Фокс Малдер похож на свинью ;2001 ;художественная ;повесть ; ;Геласимов А. Фокс Малдер похож на свинью: Повесть, рассказы ;2001 ;книга ;омонимия снята
  Мы иногда с ней ; чуть ;  ;мы;Pl;Pl;1;ругаться;1;0;Pres;2;0;0;не ругаемся.  ; Мы иногда с ней чуть не ругаемся.  [Андрей Геласимов. Фокс Малдер похож на свинью (2001)] [омонимия снята];;;;;;;;;;;;;Андрей Геласимов. Фокс Малдер похож на свинью (2001) ;Андрей Геласимов ;1966 ;Фокс Малдер похож на свинью ;2001 ;художественная ;повесть ; ;Геласимов А. Фокс Малдер похож на свинью: Повесть, рассказы ;2001 ;книга ;омонимия снята
  И как командир ; чуть ;  ;командир;Sg;M;1;застрелить;0;0;Past;1;0;0;не застрелил кого-то, когда тот ; И как командир чуть не застрелил кого-то, когда тот уронил чайную ложечку.  [Андрей Геласимов. Чужая бабушка (2001)] [омонимия снята];;;;;;;;;;;;;Андрей Геласимов. Чужая бабушка (2001) ;Андрей Геласимов ;1966 ;Чужая бабушка ;2001 ;художественная ;рассказ ; ;Геласимов А. Фокс Малдер похож на свинью: Повесть, рассказы ;2001 ;книга ;омонимия снята
 Когда первый раз услышала, вообще ; чуть ;  ;0;Sg;F;1;умереть;0;0;Past;0;0;0;не умерла.  ;  Когда первый раз услышала, вообще чуть не умерла.  [Андрей Геласимов. Чужая бабушка (2001)] [омонимия снята];;;;;;;;;;;;;Андрей Геласимов. Чужая бабушка (2001) ;Андрей Геласимов ;1966 ;Чужая бабушка ;2001 ;художественная ;рассказ ; ;Геласимов А. Фокс Малдер похож на свинью: Повесть, рассказы ;2001 ;книга ;омонимия снята
 Я быстрее пошла.  В подъезде ; чуть ;  ;[я];Sg;F;1;упасть;0;0;Past;0;0;0;не упала.  Ступеньки эти дурацкие ; Я быстрее пошла.  В подъезде чуть не упала.  Ступеньки эти дурацкие.  [Андрей Геласимов. Чужая бабушка (2001)] [омонимия снята];;;;;;;;;;;;;Андрей Геласимов. Чужая бабушка (2001) ;Андрей Геласимов ;1966 ;Чужая бабушка ;2001 ;художественная ;рассказ ; ;Геласимов А. Фокс Малдер похож на свинью: Повесть, рассказы ;2001 ;книга ;омонимия снята
 Видя перед собой солдата, побирушка ; чуть ;  ;побирушка;Sg;F;1;обрадоваться;0;0;Past;0;но;0;не обрадовалась, разжимая угрюмые губы ;  Видя перед собой солдата, побирушка чуть не обрадовалась, разжимая угрюмые губы, но улыбка мигом скрылась с её просиявшего личика, когда Холмогоров тоже улыбнулся.  [Олег Павлов. Карагандинские девятины, или Повесть последних дней // «Октябрь», 2001] [омонимия снята];;;;;;;;;;;;;Олег Павлов. Карагандинские девятины, или Повесть последних дней // «Октябрь», 2001 ;Олег Павлов ;1970 ;Карагандинские девятины, или Повесть последних дней ;2001 ;художественная ;повесть ; ;«Октябрь» ;2001 ;журнал ;омонимия снята
  Растерялся Евдоким, ; чуть ;  ;Евдоким;Sg;M;1;плакать;0;0;Pres;0;0;0;не плачет с досады:  ; Растерялся Евдоким, чуть не плачет с досады:  [Олег Тихомиров. Про козла Евдокима // «Мурзилка», 2001] [омонимия снята];;;;;;;;;;;;;Олег Тихомиров. Про козла Евдокима // «Мурзилка», 2001 ;Олег Тихомиров ;1934 ;Про козла Евдокима ;2001 ;художественная ;сказка ; ;«Мурзилка» ;2001 ;журнал ;омонимия снята
 обогнать Таню и Алёнку, и ; чуть ;  ;[он];Sg;M;1;завалить;0;0;Past;1;0;0;не завалив их при этом ; Но на достигнутом не остановился, решив обогнать Таню и Алёнку, и чуть не завалив их при этом.  [Отчёт о велосипедном походе (2001)] [омонимия снята];;;;;;;;;;;;;Отчёт о велосипедном походе (2001) ; ; ;Отчёт о велосипедном походе ;2001 ;публицистика, нехудожественная ;отчет ;путешествия ; ; ;рукопись ;омонимия снята
" от фронта мешками кровь проливал"", ? "; чуть ;  ;Данила;Sg;M;1;бухнуть;0;0;Past;1;но;0;не бухнул Данила, но вовремя ;"  ""В политотделе, за много вёрст от фронта мешками кровь проливал"", ? чуть не бухнул Данила, но вовремя воздержался, однако ни с того ни с сего врезалась в разговор Марина.  [Виктор Астафьев. Пролетный гусь (2000)] [омонимия снята]";;;;;;;;;;;;;Виктор Астафьев. Пролетный гусь (2000) ;Виктор Астафьев ;1924 ;Пролетный гусь ;2000 ;художественная ;повесть ; ;Антология современной прозы. Т. 1. ;2002 ;книга ;омонимия снята
   Тьфу ты чёрт, ; чуть ;  ;[я];Sg;M;1;забыть;0;0;Past;1;0;0;не забыл сказать самое важное ;  Тьфу ты чёрт, чуть не забыл сказать самое важное.  [Вера Белоусова. Второй выстрел (2000)] [омонимия снята];;;;;;;;;;;;;Вера Белоусова. Второй выстрел (2000) ;Вера Белоусова ;1958 ;Второй выстрел ;2000 ;художественная ;повесть ; ;Вера Белоусова. Второй выстрел ;2000 ;книга ;омонимия снята
 до того обидно, что я ; чуть ;  ;я;Sg;M;1;заплакать;0;0;Past;0;0;0;не заплакал.  ; Мне стало до того обидно, что я чуть не заплакал.  [Вера Белоусова. Второй выстрел (2000)] [омонимия снята];;;;;;;;;;;;;Вера Белоусова. Второй выстрел (2000) ;Вера Белоусова ;1958 ;Второй выстрел ;2000 ;художественная ;повесть ; ;Вера Белоусова. Второй выстрел ;2000 ;книга ;омонимия снята
   Я ; чуть ;  ;я;Sg;M;1;свалиться;0;0;Past;2;0;0;не свалился со скамейки, на ;  Я чуть не свалился со скамейки, на которой мы с ним сидели.  [Вера Белоусова. Второй выстрел (2000)] [омонимия снята];;;;;;;;;;;;;Вера Белоусова. Второй выстрел (2000) ;Вера Белоусова ;1958 ;Второй выстрел ;2000 ;художественная ;повесть ; ;Вера Белоусова. Второй выстрел ;2000 ;книга ;омонимия снята
   ? Ах!  ; Чуть ;  ;[я];Sg;F;1;забыть;0;0;Past;0;0;0;не забыла!  У меня ведь ;  ? Ах!  Чуть не забыла!  У меня ведь ещё просьба.  [Вера Белоусова. Второй выстрел (2000)] [омонимия снята];;;;;;;;;;;;;Вера Белоусова. Второй выстрел (2000) ;Вера Белоусова ;1958 ;Второй выстрел ;2000 ;художественная ;повесть ; ;Вера Белоусова. Второй выстрел ;2000 ;книга ;омонимия снята
 в другой раз самого его ; чуть ;  ;0;Pl;Pl;1;посадить;0;0;Past;1;0;а;не посадили в тюрьму за ; А в другой раз самого его чуть не посадили в тюрьму за то, что на станции он взял из буксы немного масла для костра, это увидел помощник машиниста, и спасла шестнадцатилетнего вредителя и диверсанта от неминуемой тюрьмы только случайность, но несмотря на благорасположение свыше, быть может, где-то там, на просторах Азии, родилась то затухающая, то вспыхивающая вражда троих детей, что впоследствии разорвала изнутри весь  этот необузданный карамазовский русский род.  [Алексей Варламов. Купавна // «Новый Мир», 2000] [омонимия снята];;;;;;;;;;;;;Алексей Варламов. Купавна // «Новый Мир», 2000 ;Алексей Варламов ;1963 ;Купавна ;2000 ;художественная ;роман ; ;«Новый Мир» ;2000 ;журнал ;омонимия снята
 было ни света, ни газа.  ; Чуть ;  ;[мы];Pl;Pl;1;замёрзнуть;0;0;Past;0;0;0;не замерзли.  Очень было смешно ; Я тебе не говорила, а прошлой зимой три недели не было ни света, ни газа.  Чуть не замерзли.  Очень было смешно.  [Андрей Волос. Недвижимость (2000) // «Новый Мир», 2001] [омонимия снята];;;;;;;;;;;;;Андрей Волос. Недвижимость (2000) // «Новый Мир», 2001 ;Андрей Волос ;1955 ;Недвижимость ;2000 ;художественная ;роман ; ;«Новый Мир» ;2001 ;журнал ;омонимия снята
  Да, ; чуть ;  ;[я];Sg;M;1;забыть;0;0;Past;0;0;0;не забыл! ? хлопнул он себя ; Да, чуть не забыл! ? хлопнул он себя ладонью по лбу.  [Андрей Волос. Недвижимость (2000) // «Новый Мир», 2001] [омонимия снята];;;;;;;;;;;;;Андрей Волос. Недвижимость (2000) // «Новый Мир», 2001 ;Андрей Волос ;1955 ;Недвижимость ;2000 ;художественная ;роман ; ;«Новый Мир» ;2001 ;журнал ;омонимия снята
  Она ; чуть ;  ;она;Sg;F;1;плакать;0;0;Past;0;0;0;не плакала, конечно жалея не ; Она чуть не плакала, конечно жалея не старуху и дочь её, а родного брата.  [Борис Екимов. Пиночет (1999)] [омонимия снята];;;;;;;;;;;;;Борис Екимов. Пиночет (1999) ;Борис Екимов ;1938 ;Пиночет ;1999 ;художественная ;повесть ; ;Борис Екимов. Пиночет ;2001 ;книга ;омонимия снята
   Среди друзей родительского дома ; чуть ;  ;0;Sg;M;1;запамятовать;0;0;Past;1;0;0;не запамятовал рижского портного Арона ;  Среди друзей родительского дома чуть не запамятовал рижского портного Арона Львовича Баринбаума.  [И. Э. Кио. Иллюзии без иллюзий (1995-1999)] [омонимия снята];;;;;;;;;;;;;И. Э. Кио. Иллюзии без иллюзий (1995-1999) ;И. Э. Кио ;1944 ;Иллюзии без иллюзий ;1995-1999 ;публицистика, нехудожественная ;мемуары ; ;Игорь Кио. Иллюзии без иллюзий ;1999 ;книга ;омонимия снята
 я стал свидетелем, как он ; чуть ;  ;он;Sg;M;1;сорвать;0;0;Past;1;0;0;не сорвал вообще всё представление ; Однажды я стал свидетелем, как он чуть не сорвал вообще всё представление.  [И. Э. Кио. Иллюзии без иллюзий (1995-1999)] [омонимия снята];;;;;;;;;;;;;И. Э. Кио. Иллюзии без иллюзий (1995-1999) ;И. Э. Кио ;1944 ;Иллюзии без иллюзий ;1995-1999 ;публицистика, нехудожественная ;мемуары ; ;Игорь Кио. Иллюзии без иллюзий ;1999 ;книга ;омонимия снята
 ЦК Компартии Грузии: он буквально ; чуть ;  ;он;Sg;M;1;падать;0;0;Past;2;0;0;не падал со стула.  ;  Во время представления краем глаза я увидел сидевшего в третьем ряду Эдуарда Амвросиевича Шеварднадзе, который тогда был первым секретарём ЦК Компартии Грузии: он буквально чуть не падал со стула.  [И. Э. Кио. Иллюзии без иллюзий (1995-1999)] [омонимия снята];;;;;;;;;;;;;И. Э. Кио. Иллюзии без иллюзий (1995-1999) ;И. Э. Кио ;1944 ;Иллюзии без иллюзий ;1995-1999 ;публицистика, нехудожественная ;мемуары ; ;Игорь Кио. Иллюзии без иллюзий ;1999 ;книга ;омонимия снята
 вместе гастролировали в Японии, где ; чуть ;  ;0;Pl;Pl;1;убить;0;0;Past;1;0;0;не убили японку.  ; Мы с ним вместе гастролировали в Японии, где чуть не убили японку.  [И. Э. Кио. Иллюзии без иллюзий (1995-1999)] [омонимия снята];;;;;;;;;;;;;И. Э. Кио. Иллюзии без иллюзий (1995-1999) ;И. Э. Кио ;1944 ;Иллюзии без иллюзий ;1995-1999 ;публицистика, нехудожественная ;мемуары ; ;Игорь Кио. Иллюзии без иллюзий ;1999 ;книга ;омонимия снята
 восьмом году в Екатеринбург и… ; чуть ;  ;я;Sg;M;1;выразить;0;0;Past;1;0;0;не выразил своего изумления неприличным ;  Приезжаю в девяносто восьмом году в Екатеринбург и… чуть не выразил своего изумления неприличным глаголом.  [И. Э. Кио. Иллюзии без иллюзий (1995-1999)] [омонимия снята];;;;;;;;;;;;;И. Э. Кио. Иллюзии без иллюзий (1995-1999) ;И. Э. Кио ;1944 ;Иллюзии без иллюзий ;1995-1999 ;публицистика, нехудожественная ;мемуары ; ;Игорь Кио. Иллюзии без иллюзий ;1999 ;книга ;омонимия снята
  Но замечу ? ; чуть ;  ;я;Sg;M;1;сказать;1;0;Past;0;0;но;не сказал: в оправдание, ? что ; Но замечу ? чуть не сказал: в оправдание, ? что в молодых, подающих надежды мне походить не пришлось, так же как не пришлось рассчитывать на какую-либо снисходительность к моему возрасту.  [И. Э. Кио. Иллюзии без иллюзий (1995-1999)] [омонимия снята];;;;;;;;;;;;;И. Э. Кио. Иллюзии без иллюзий (1995-1999) ;И. Э. Кио ;1944 ;Иллюзии без иллюзий ;1995-1999 ;публицистика, нехудожественная ;мемуары ; ;Игорь Кио. Иллюзии без иллюзий ;1999 ;книга ;омонимия снята
 мира, а стала база НАТО, ? ; чуть ;  ;местные;Pl;Pl;1;плакать;1;0;Past;0;0;0;не плачут местные.  ;  ? Это была база мира, а стала база НАТО, ? чуть не плачут местные.  [Игорь Свинаренко. Умытая Россия // «Коммерсантъ-Власть», 1999] [омонимия снята];;;;;;;;;;;;;Игорь Свинаренко. Умытая Россия // «Коммерсантъ-Власть», 1999 ;Игорь Свинаренко ; ;Умытая Россия ;1999 ;публицистика, нехудожественная ;статья ;армия и вооруженные конфликты ;«Коммерсантъ-Власть» ;1999 ;журнал ;омонимия снята
 сообразил, толкнул её, открытую, и ; чуть ;  ;он;Sg;M;1;споткнуться;0;0;Past;0;0;0;не споткнулся о вытянутые ноги ; Дверь никак не открывалась ключом, пока он не сообразил, толкнул её, открытую, и чуть не споткнулся о вытянутые ноги Аркадия Кальцатого.  [Анатолий Азольский. Лопушок // «Новый Мир», 1998] [омонимия снята];;;;;;;;;;;;;Анатолий Азольский. Лопушок // «Новый Мир», 1998 ;Анатолий Азольский ;1930 ;Лопушок ;1998 ;художественная ;роман ; ;«Новый Мир» ;1998 ;журнал ;омонимия снята
  Сердце застучало.  Я ; чуть ;  ;я;Sg;M;1;расплакаться;0;0;Past;0;0;0;не расплакался.   Боже мой, подумал ; Сердце застучало.  Я чуть не расплакался.   Боже мой, подумал я, как интересна ваша жизнь на пятнадцатом году перестройки, на десятом году осуществления знаменитой экономической программы в 500 дней!  [Григорий Горин. Иронические мемуары (1990-1998)] [омонимия снята];;;;;;;;;;;;;Григорий Горин. Иронические мемуары (1990-1998) ;Григорий Горин ;1940 ;Иронические мемуары ;1990-1998 ;художественная ;мемуары ; ;Григорий Горин. Золотая серия юмора. ;1999 ;книга ;омонимия снята
 не просто была поражена ? она ; чуть ;  ;она;Sg;F;1;упасть в обморок;0;0;Past;3;0;0;не упала в обморок, увидев ;  Когда я под конец дня добралась до Николаевки, то бабушка не просто была поражена ? она чуть не упала в обморок, увидев меня одну.  [И. К. Архипова. Музыка жизни (1996)] [омонимия снята];;;;;;;;;;;;;И. К. Архипова. Музыка жизни (1996) ;И. К. Архипова ;1925 ;Музыка жизни ;1996 ;публицистика, нехудожественная ;мемуары ; ;Ирина Архипова. Музыка жизни ;1998 ;книга ;омонимия снята
 на станции Попельня его однажды ; чуть ;  ;0;Sg;N;0;убить;0;0;Past;1;0;0;не убило: осколком бомбы выбило ;"  Однажды потянуло пропагандиста рассказать о боевом пути его героического ""соединения"", как бы между прочим сообщить о том, как на станции Попельня его однажды чуть не убило: осколком бомбы выбило стекло в здании сортировки и угодил тот осколок в стену, прямо над головой начальника.  [Виктор Астафьев. Обертон (1995-1996)] [омонимия снята]";;;;;;;;;;;;;Виктор Астафьев. Обертон (1995-1996) ;Виктор Астафьев ;1924 ;Обертон ;1995-1996 ;художественная ;повесть ; ;Астафьев В. Обертон.  ;1997 ;книга ;омонимия снята
  Слава Каменщиков, которого ; чуть ;  ;0;Pl;Pl;1;оженить;0;0;Past;1;0;0;не оженили на дочери хозяина ; Слава Каменщиков, которого чуть не оженили на дочери хозяина, по-нашему, по-конюховски, чуть было не осаврасили, ? Слава объявил хозяину и хозяйке, у которых был на постое, что отец его лежит в госпитале, шибко плохой, а семья у Каменщиковых большая ? надо её поддержать, кроме того, он надумал учиться на филологическом факультете.  [Виктор Астафьев. Обертон (1995-1996)] [омонимия снята];;;;;;;;;;;;;Виктор Астафьев. Обертон (1995-1996) ;Виктор Астафьев ;1924 ;Обертон ;1995-1996 ;художественная ;повесть ; ;Астафьев В. Обертон.  ;1997 ;книга ;омонимия снята
 потому, что напугался, когда его ; чуть ;  ;0;Pl;Pl;1;оженить;0;0;Past;1;0;0;не оженили, главным образом от ; В клуб и на гулянья Слава не ходил, и не потому, что напугался, когда его чуть не оженили, главным образом от горя: в госпитале умирал его отец.  [Виктор Астафьев. Обертон (1995-1996)] [омонимия снята];;;;;;;;;;;;;Виктор Астафьев. Обертон (1995-1996) ;Виктор Астафьев ;1924 ;Обертон ;1995-1996 ;художественная ;повесть ; ;Астафьев В. Обертон.  ;1997 ;книга ;омонимия снята
 впился в её губы и ; чуть ;  ;я;Sg;M;1;вытащить;0;0;Past;1;0;0;не вытащил постового наружу.  ;  Вместо того, чтоб уйти, я приблизился к окну, обхватил Любу и с неутоленной жаждой впился в её губы и чуть не вытащил постового наружу.  [Виктор Астафьев. Обертон (1995-1996)] [омонимия снята];;;;;;;;;;;;;Виктор Астафьев. Обертон (1995-1996) ;Виктор Астафьев ;1924 ;Обертон ;1995-1996 ;художественная ;повесть ; ;Астафьев В. Обертон.  ;1997 ;книга ;омонимия снята
 Родины, самом блудливом городе страны, ; чуть ;  ;наша семья;Sg;F;1;сгореть;0;0;Past;0;0;0;не сгорела наша семья.  ;  Да не за углом, не за поворотом ? в столице нашей Родины, самом блудливом городе страны, чуть не сгорела наша семья.  [Виктор Астафьев. Обертон (1995-1996)] [омонимия снята];;;;;;;;;;;;;Виктор Астафьев. Обертон (1995-1996) ;Виктор Астафьев ;1924 ;Обертон ;1995-1996 ;художественная ;повесть ; ;Астафьев В. Обертон.  ;1997 ;книга ;омонимия снята
 вопил лисёнок, ? ты же меня ; чуть ;  ;ты;Sg;F;1;съесть;0;0;Past;1;0;0;не съела!  ;  ? Мама, ? вопил лисёнок, ? ты же меня чуть не съела!  [Людмила Петрушевская. Маленькая волшебница // «Октябрь», 1996] [омонимия снята];;;;;;;;;;;;;Людмила Петрушевская. Маленькая волшебница // «Октябрь», 1996 ;Людмила Петрушевская ;1938 ;Маленькая волшебница ;1996 ;художественная ;роман ; ;«Октябрь» ;1996 ;журнал ;омонимия снята
  И ; чуть ;  ;0;Sg;F;1;угодить под трибунал;0;0;Past;2;0;и;не угодила под трибунал: закон ; И чуть не угодила под трибунал: закон того времени был прост: забеременела, значит, с фронта хочет сбежать.  [Г. Я. Бакланов. В месте светлом, в месте злачном, в месте покойном (1995)] [омонимия снята];;;;;;;;;;;;;Г. Я. Бакланов. В месте светлом, в месте злачном, в месте покойном (1995) ;Г. Я. Бакланов ;1923 ;В месте светлом, в месте злачном, в месте покойном ;1995 ;художественная ;рассказ ; ;Антология современной прозы. Т. 1. ;2002 ;книга ;омонимия снята
  Он даже ; чуть ;  ;он;Sg;M;1;сбиться;0;0;Past;2;0;0;не сбился в одном месте ; Он даже чуть не сбился в одном месте.  [Алексей Слаповский. Гибель гитариста (1994-1995)] [омонимия снята];;;;;;;;;;;;;Алексей Слаповский. Гибель гитариста (1994-1995) ;Алексей Слаповский ;1957 ;Гибель гитариста ;1994-1995 ;художественная ;повесть ; ;Слаповский А. День денег ;2000 ;книга ;омонимия снята
 что она ведь, гадина такая, ; чуть ;  ;она;Sg;F;1;изменить;0;0;Past;2;и;0;не изменила с Элькиным ? и ; Обернулась ? и ощущение возникло, что она ведь, гадина такая, чуть не изменила с Элькиным ? и не мужу, а Печенегину!  [Алексей Слаповский. Гибель гитариста (1994-1995)] [омонимия снята];;;;;;;;;;;;;Алексей Слаповский. Гибель гитариста (1994-1995) ;Алексей Слаповский ;1957 ;Гибель гитариста ;1994-1995 ;художественная ;повесть ; ;Слаповский А. День денег ;2000 ;книга ;омонимия снята
 весь затрясшись, упав на собаку, ; чуть ;  ;парень;Sg;M;1;рыдать;0;2;Past;0;0;0;не рыдая.  ;" ""Ты что?"" ? заорал парень, весь затрясшись, упав на собаку, чуть не рыдая.  [Алексей Слаповский. Гибель гитариста (1994-1995)] [омонимия снята]";;;;;;;;;;;;;Алексей Слаповский. Гибель гитариста (1994-1995) ;Алексей Слаповский ;1957 ;Гибель гитариста ;1994-1995 ;художественная ;повесть ; ;Слаповский А. День денег ;2000 ;книга ;омонимия снята
 рефлекторно схватился за рукоять замка, ; чуть ;  ;Андрей;Sg;M;1;свалиться;0;2;Past;2;0;0;не свалившись с унитаза.  ;  В дверь постучали, и Андрей рефлекторно схватился за рукоять замка, чуть не свалившись с унитаза.  [Виктор Пелевин. Желтая стрела (1993)] [омонимия снята];;;;;;;;;;;;;Виктор Пелевин. Желтая стрела (1993) ;Виктор Пелевин ;1962 ;Желтая стрела ;1993 ;художественная ;повесть ; ;Виктор Пелевин. Собрание сочинений в 3-х томах. Т. 1 ;2001 ;книга ;омонимия снята
   Выйдя из купе, Андрей ; чуть ;  ;Андрей;Sg;M;1;столкнуться;0;0;Past;2;но;0;не столкнулся с идущим по ;  Выйдя из купе, Андрей чуть не столкнулся с идущим по вагону проводником, но ни о чём не стал его спрашивать.  [Виктор Пелевин. Желтая стрела (1993)] [омонимия снята];;;;;;;;;;;;;Виктор Пелевин. Желтая стрела (1993) ;Виктор Пелевин ;1962 ;Желтая стрела ;1993 ;художественная ;повесть ; ;Виктор Пелевин. Собрание сочинений в 3-х томах. Т. 1 ;2001 ;книга ;омонимия снята
 до подхода вызванной латышской части.  ; Чуть ;  ;0;Pl;Pl;1;убить;0;0;Past;1;0;0;не убили Колюшу.  По глупому ; Хорошо, что успели до подхода вызванной латышской части.  Чуть не убили Колюшу.  По глупому этому делу могли прихлопнуть как муху.  [Даниил Гранин. Зубр (1987)] [омонимия снята];;;;;;;;;;;;;Даниил Гранин. Зубр (1987) ;Даниил Гранин ;1919 ;Зубр ;1987 ;художественная ;повесть ; ;Гранин Д.А. Зубр: Повесть ;1987 ;книга ;омонимия снята
 колпаке грохот стоял страшный, Холдейн ; чуть ;  ;Холдейн;Sg;M;1;оглохнуть;0;0;Past;0;0;0;не оглох…  ; В колпаке грохот стоял страшный, Холдейн чуть не оглох…  [Даниил Гранин. Зубр (1987)] [омонимия снята];;;;;;;;;;;;;Даниил Гранин. Зубр (1987) ;Даниил Гранин ;1919 ;Зубр ;1987 ;художественная ;повесть ; ;Гранин Д.А. Зубр: Повесть ;1987 ;книга ;омонимия снята
 этого его схватили, услали, он ; чуть ;  ;он;Sg;M;1;помереть;0;0;Past;0;0;0;не помер…  ; Завенягин ему обещал златые горы, вместо этого его схватили, услали, он чуть не помер…  [Даниил Гранин. Зубр (1987)] [омонимия снята];;;;;;;;;;;;;Даниил Гранин. Зубр (1987) ;Даниил Гранин ;1919 ;Зубр ;1987 ;художественная ;повесть ; ;Гранин Д.А. Зубр: Повесть ;1987 ;книга ;омонимия снята
 побежал к ней, целует, обнимает, ; чуть ;  ;он;Sg;M;1;плакать;0;0;Past;0;0;0;не плачет.  ;  Он выскочил, побежал к ней, целует, обнимает, чуть не плачет.  [Даниил Гранин. Зубр (1987)] [омонимия снята];;;;;;;;;;;;;Даниил Гранин. Зубр (1987) ;Даниил Гранин ;1919 ;Зубр ;1987 ;художественная ;повесть ; ;Гранин Д.А. Зубр: Повесть ;1987 ;книга ;омонимия снята
  ; Чуть ;  ;[он];Sg;M;1;плакать;1;0;Past;1;0;0;"не плакал: ""Возьмем его к ";" Чуть не плакал: ""Возьмем его к нам, мама!  [И. Грекова. Перелом (1987)] [омонимия снята]";;;;;;;;;;;;;И. Грекова. Перелом (1987) ;И. Грекова ;1907 ;Перелом ;1987 ;художественная ;повесть ; ;На испытаниях ;1990 ;книга ;омонимия снята
" как потом болела и ""врачи "; чуть ;  ;врачи;Pl;Pl;1;спортить;0;0;Past;0;0;0;"не спортили"", как болели дети ";" Кроме рассказов про красавца комиссара (они произносились с понижением голоса и приданием своему простодушному лицу некой таинственности, какую лишь в смехотворной мере могла изобразить её бесхитростная натура), там были ещё повести про то, как рожала детей, как потом болела и ""врачи чуть не спортили"", как болели дети; как приехал к ним в Сибирь, в эвакуацию из блокадного Ленинграда её муж, мой дед, а дело  было ночью, и они с хозяйкой так страшно закричали: ""Кто там?!"", а он так тихо и говорит: ""Это я, Аня, откройте…"", и как потом она его всю ночь кормила, кормила (""пихала в него""), а он всё ел, всё ел (""только кусок проглотит ? на двор бежит, всё из него сразу же выходило, ничего не задерживалось"").  [Марина Палей. Поминовение (1987)] [омонимия снята]";;;;;;;;;;;;;Марина Палей. Поминовение (1987) ;Марина Палей ;1955 ;Поминовение ;1987 ;художественная ;повесть ; ;Палей М. Long Distance или Славянский акцент ;2000 ;книга ;омонимия снята
 двенадцать, и я до утра ; чуть ;  ;я;Sg;M;1;задохнуться;0;0;Past;0;0;0;"не задохся"".  ";" Я, как прочёл его, так залез от страха под одеяло, на часах было двенадцать, и я до утра чуть не задохся"".  [Марина Палей. Поминовение (1987)] [омонимия снята]";;;;;;;;;;;;;Марина Палей. Поминовение (1987) ;Марина Палей ;1955 ;Поминовение ;1987 ;художественная ;повесть ; ;Палей М. Long Distance или Славянский акцент ;2000 ;книга ;омонимия снята
   Я ; чуть ;  ;я;Sg;M;1;зарыдать;0;0;Past;0;0;0;не зарыдал от жалости к ;  Я чуть не зарыдал от жалости к себе.  [Сергей Довлатов. Чемодан (1986)] [омонимия снята];;;;;;;;;;;;;Сергей Довлатов. Чемодан (1986) ;Сергей Довлатов ;1941 ;Чемодан ;1986 ;художественная ;рассказ ; ;Собрание прозы в 3 т. Т.2 ;1993 ;книга ;омонимия снята
   Я ; чуть ;  ;я;Sg;M;1;крикнуть;1;0;Past;1;0;0;"не крикнул Фреду: ""Так совершали ";"  Я чуть не крикнул Фреду: ""Так совершали бы подвиги!"".  [Сергей Довлатов. Чемодан (1986)] [омонимия снята]";;;;;;;;;;;;;Сергей Довлатов. Чемодан (1986) ;Сергей Довлатов ;1941 ;Чемодан ;1986 ;художественная ;рассказ ; ;Собрание прозы в 3 т. Т.2 ;1993 ;книга ;омонимия снята
 огромным интересом.  А Галина Павловна ; чуть ;  ;Галина Павловна;Sg;F;1;расплакаться;0;0;Past;0;0;а;не расплакалась:   ? Обратите внимание!  ; На этот раз меня выслушали с огромным интересом.  А Галина Павловна чуть не расплакалась:   ? Обратите внимание!  [Сергей Довлатов. Чемодан (1986)] [омонимия снята];;;;;;;;;;;;;Сергей Довлатов. Чемодан (1986) ;Сергей Довлатов ;1941 ;Чемодан ;1986 ;художественная ;рассказ ; ;Собрание прозы в 3 т. Т.2 ;1993 ;книга ;омонимия снята
  Бороду я ; чуть ;  ;я;Sg;M;1;сжечь;0;0;Past;1;0;0;не сжёг, пытаясь закурить.  ; Бороду я чуть не сжёг, пытаясь закурить.  [Сергей Довлатов. Чемодан (1986)] [омонимия снята];;;;;;;;;;;;;Сергей Довлатов. Чемодан (1986) ;Сергей Довлатов ;1941 ;Чемодан ;1986 ;художественная ;рассказ ; ;Собрание прозы в 3 т. Т.2 ;1993 ;книга ;омонимия снята
 пробежала, царапая когтями пол.  Они ; чуть ;  ;они;Pl;Pl;1;умереть;0;0;Past;0;0;0;не умерли…   Наутро Борис Иванович ; Крыса пробежала, царапая когтями пол.  Они чуть не умерли…   Наутро Борис Иванович обнаружил пропажу, разъярился, поднял в воздух за рваные шивороты Гарина и Портянкина, стукнул их друг о друга и вынес вон.  [И. Грекова. Фазан (1984)] [омонимия снята];;;;;;;;;;;;;И. Грекова. Фазан (1984) ;И. Грекова ;1907 ;Фазан ;1984 ;художественная ;повесть ; ;На испытаниях ;1990 ;книга ;омонимия снята
 пива в карман.  Затем поднялся, ; чуть ;  ;[я];Sg;M;1;опрокинуть;0;0;Past;1;0;0;не опрокинув стул.  Вернее, дюралевое ; Я сунул бутылку пива в карман.  Затем поднялся, чуть не опрокинув стул.  Вернее, дюралевое кресло.  [Сергей Довлатов. Заповедник (1983)] [омонимия снята];;;;;;;;;;;;;Сергей Довлатов. Заповедник (1983) ;Сергей Довлатов ;1941 ;Заповедник ;1983 ;художественная ;повесть ; ;Собрание прозы в 3 т. Т.1 ;1993 ;книга ;омонимия снята
   ? Добрый, ? соглашался Никитин, ? жену ; чуть ;  ;0;Sg;M;1;зарезать;0;0;Past;1;0;0;не зарезал.  ;  ? Добрый, ? соглашался Никитин, ? жену чуть не зарезал.  [Сергей Довлатов. Заповедник (1983)] [омонимия снята];;;;;;;;;;;;;Сергей Довлатов. Заповедник (1983) ;Сергей Довлатов ;1941 ;Заповедник ;1983 ;художественная ;повесть ; ;Собрание прозы в 3 т. Т.1 ;1993 ;книга ;омонимия снята
 рассказал драматическую историю:   ? Дед, я ; чуть ;  ;я;Sg;M;1;разбогатеть;0;0;Past;0;0;0;не разбогател.  Я придумал исключительный ; Затем рассказал драматическую историю:   ? Дед, я чуть не разбогател.  Я придумал исключительный финансовый трюк.  [Сергей Довлатов. Заповедник (1983)] [омонимия снята];;;;;;;;;;;;;Сергей Довлатов. Заповедник (1983) ;Сергей Довлатов ;1941 ;Заповедник ;1983 ;художественная ;повесть ; ;Собрание прозы в 3 т. Т.1 ;1993 ;книга ;омонимия снята
  Я ; чуть ;  ;я;Sg;M;1;застонать;1;0;Past;0;0;0;не застонал, когда железные тиски ; Я чуть не застонал, когда железные тиски сжали мою ладонь.  [Сергей Довлатов. Заповедник (1983)] [омонимия снята];;;;;;;;;;;;;Сергей Довлатов. Заповедник (1983) ;Сергей Довлатов ;1941 ;Заповедник ;1983 ;художественная ;повесть ; ;Собрание прозы в 3 т. Т.1 ;1993 ;книга ;омонимия снята
 перешёл на звучный шёпот:   ? Я ; чуть ;  ;я;Sg;M;1;загреметь;0;0;Past;0;0;0;не загремел по малолетству.  Органы ;  Он перешёл на звучный шёпот:   ? Я чуть не загремел по малолетству.  Органы меня фактически спасли.  [Сергей Довлатов. Заповедник (1983)] [омонимия снята];;;;;;;;;;;;;Сергей Довлатов. Заповедник (1983) ;Сергей Довлатов ;1941 ;Заповедник ;1983 ;художественная ;повесть ; ;Собрание прозы в 3 т. Т.1 ;1993 ;книга ;омонимия снята
 заплачу две тысячи наличными.   Юноша ; чуть ;  ;я;Sg;M;1;расплакаться;0;0;Past;0;0;0;не расплакался.   ? Я, действительно, нахожусь ;  ? Я заплачу две тысячи наличными.   Юноша чуть не расплакался.   ? Я, действительно, нахожусь в стеснённых обстоятельствах.  [Сергей Довлатов. Наши (1983)] [омонимия снята];;;;;;;;;;;;;Сергей Довлатов. Наши (1983) ;Сергей Довлатов ;1941 ;Наши ;1983 ;художественная ;повесть ; ;Собрание прозы в 3 т. Т.2 ;1993 ;книга ;омонимия снята
   ? Да, я ; чуть ;  ;я;Sg;M;1;забыть;0;0;Past;0;0;0;не забыл, ? воскликнул Леопольд, ? скажи ;  ? Да, я чуть не забыл, ? воскликнул Леопольд, ? скажи, как умерли мои родители?  [Сергей Довлатов. Наши (1983)] [омонимия снята];;;;;;;;;;;;;Сергей Довлатов. Наши (1983) ;Сергей Довлатов ;1941 ;Наши ;1983 ;художественная ;повесть ; ;Собрание прозы в 3 т. Т.2 ;1993 ;книга ;омонимия снята
 так уж худо.   А я ; чуть ;  ;я;Sg;M;1;плакать;0;0;Past;0;0;0;не плакал.  Видно, на меня ;"  ? Пока что всё не так уж худо.   А я чуть не плакал.  Видно, на меня подействовал ""Зверобой""…  [Сергей Довлатов. Наши (1983)] [омонимия снята]";;;;;;;;;;;;;Сергей Довлатов. Наши (1983) ;Сергей Довлатов ;1941 ;Наши ;1983 ;художественная ;повесть ; ;Собрание прозы в 3 т. Т.2 ;1993 ;книга ;омонимия снята
 и так задрал голову, что ; чуть ;  ;Ёжик;Sg;M;1;свалиться;0;0;Past;2;0;0;не свалился с пенька.  ;  ? Добрый вечер! ? сказал Ёжик и так задрал голову, что чуть не свалился с пенька.  [Сергей Козлов. Правда, мы будем всегда? (1969-1981)] [омонимия снята];;;;;;;;;;;;;Сергей Козлов. Правда, мы будем всегда? (1969-1981) ;Сергей Козлов ;1939 ;Правда, мы будем всегда? ;1969-1981 ;художественная ;сказка, цикл ; ; ; ;книга ;омонимия снята
 он сжался в комочек и ; чуть ;  ;он;Sg;M;1;заплакать;0;0;Past;0;0;0;не заплакал.  ; Растеряв свою гордость, он сжался в комочек и чуть не заплакал.  [Юрий Коваль. Белозубка (1979)] [омонимия снята];;;;;;;;;;;;;Юрий Коваль. Белозубка (1979) ;Юрий Коваль ;1938 ;Белозубка ;1979 ;художественная ;рассказ ; ;Юрий Коваль. Солнечное пятно ;2002 ;книга ;омонимия снята
   ? Барахло! ? закричал он, ; чуть ;  ;он;Sg;M;1;плакать;0;2;Pres;0;0;0;не плача и махая обрывком ;  ? Барахло! ? закричал он, чуть не плача и махая обрывком.  [Юрий Коваль. У Кривой сосны (1979)] [омонимия снята];;;;;;;;;;;;;Юрий Коваль. У Кривой сосны (1979) ;Юрий Коваль ;1938 ;У Кривой сосны ;1979 ;художественная ;рассказ ; ;Юрий Коваль. Солнечное пятно ;2002 ;книга ;омонимия снята
 йодоформом и карболкой.  Он даже ; чуть ;  ;он;Sg;M;1;выронить;0;0;Past;1;0;0;не выронил ручку.  Ведь вот ; Они стояли у стены, и когда Зыбин ? начальник экспедиции Центрального музея Казахстана ? наклонился над ними, то с серого брезента на него пахнуло йодоформом и карболкой.  Он даже чуть не выронил ручку.  Ведь вот: сад, ветер, запах трав и яблок, блеск и трепет листьев, на траве чуткие чёрные тени их, а тут больница и смерть.  [Ю. О. Домбровский. Факультет ненужных вещей, часть 1 (1978)] [омонимия снята];;;;;;;;;;;;;Ю. О. Домбровский. Факультет ненужных вещей, часть 1 (1978) ;Ю. О. Домбровский ;1909 ;Факультет ненужных вещей, часть 1 ;1978 ;художественная ;роман ; ;Домбровский Ю.О. Собр. соч.: В 6 т. Т. 5 ;1992 ;книга ;омонимия снята
 не так же это было, ? ; чуть ;  ;он;Sg;M;1;заплакать;0;0;Past;1;0;0;не заплакал профессор.? Мой брат ;  ? Но ведь не так же, не так же это было, ? чуть не заплакал профессор.? Мой брат на вопрос студентов, можно ли считать, что падение Римской империи ? это следствие революции рабов, ответил…  [Ю. О. Домбровский. Факультет ненужных вещей, часть 1 (1978)] [омонимия снята];;;;;;;;;;;;;Ю. О. Домбровский. Факультет ненужных вещей, часть 1 (1978) ;Ю. О. Домбровский ;1909 ;Факультет ненужных вещей, часть 1 ;1978 ;художественная ;роман ; ;Домбровский Ю.О. Собр. соч.: В 6 т. Т. 5 ;1992 ;книга ;омонимия снята
 Боже мой, Боже мой! ? Зыбин ; чуть ;  ;Зыбин;Sg;M;1;выронить;0;0;Past;1;0;0;не выронил кусок диадемы. ? Профессор ;  ? Боже мой, Боже мой! ? Зыбин чуть не выронил кусок диадемы. ? Профессор, да ведь вас там, у телефона, ждёт Полина Юрьевна.  [Ю. О. Домбровский. Факультет ненужных вещей, часть 1 (1978)] [омонимия снята];;;;;;;;;;;;;Ю. О. Домбровский. Факультет ненужных вещей, часть 1 (1978) ;Ю. О. Домбровский ;1909 ;Факультет ненужных вещей, часть 1 ;1978 ;художественная ;роман ; ;Домбровский Ю.О. Собр. соч.: В 6 т. Т. 5 ;1992 ;книга ;омонимия снята
 с кружками.   И тут Зыбин ; чуть ;  ;Зыбин;Sg;M;1;вскрикнуть;1;0;Past;0;0;0;не вскрикнул.  Под толстым настольным ; А это всё на экспертизу и заключение, ? приказал он и протянул чернявому лист с кружками.   И тут Зыбин чуть не вскрикнул.  Под толстым настольным стеклом он увидел нечто совершенно невероятное: огромный, в ладонь, глаз, круглый зрачок и в зрачке этом кулак с финкой.  [Ю. О. Домбровский. Факультет ненужных вещей, часть 1 (1978)] [омонимия снята];;;;;;;;;;;;;Ю. О. Домбровский. Факультет ненужных вещей, часть 1 (1978) ;Ю. О. Домбровский ;1909 ;Факультет ненужных вещей, часть 1 ;1978 ;художественная ;роман ; ;Домбровский Ю.О. Собр. соч.: В 6 т. Т. 5 ;1992 ;книга ;омонимия снята
 идёт почти полтора часа.? И ; чуть ;  ;он;Sg;M;1;добавить;0;0;Past;1;0;0;"не добавил: ""Отходит в семь ";"  ? Да вёрст, наверное, тридцать пять будет, ? ответил Зыбин.? Поезд идёт почти полтора часа.? И чуть не добавил: ""Отходит в семь тринадцать от городской платформы"".  [Ю. О. Домбровский. Факультет ненужных вещей, часть 1 (1978)] [омонимия снята]";;;;;;;;;;;;;Ю. О. Домбровский. Факультет ненужных вещей, часть 1 (1978) ;Ю. О. Домбровский ;1909 ;Факультет ненужных вещей, часть 1 ;1978 ;художественная ;роман ; ;Домбровский Ю.О. Собр. соч.: В 6 т. Т. 5 ;1992 ;книга ;омонимия снята
 тем, что её с запарки ; чуть ;  ;0;Pl;Pl;1;усадить;0;0;Past;1;0;0;не усадили рядом со Старковым ; Кончилось тем, что её с запарки чуть не усадили рядом со Старковым, но кто-то, наверно, вовремя опомнился.  [Ю. О. Домбровский. Факультет ненужных вещей, часть 2 (1978)] [омонимия снята];;;;;;;;;;;;;Ю. О. Домбровский. Факультет ненужных вещей, часть 2 (1978) ;Ю. О. Домбровский ;1909 ;Факультет ненужных вещей, часть 2 ;1978 ;художественная ;роман ; ;Домбровский Ю.О. Собр. соч.: В 6 т. Т. 5 ;1992 ;книга ;омонимия снята
 так через полгода, мама ; чуть ;  ;мама;Sg;F;1;умереть;0;0;Past;0;0;0;не умерла…  ; Износились подарённые вещи, сломались безделушки, и сам приезд, запах дедушкиной сигары и бабушкиной пудры ? всё это отодвинулось в глубь времени, потонуло, как говорится, в океане забвения, тем более что вскоре после их отъезда, не сразу, а так через полгода, мама чуть не умерла…  [Анатолий Рыбаков. Тяжелый песок (1975-1977)] [омонимия снята];;;;;;;;;;;;;Анатолий Рыбаков. Тяжелый песок (1975-1977) ;Анатолий Рыбаков ;1911 ;Тяжелый песок ;1975-1977 ;художественная ;роман ; ;Рыбаков А. Тяжелый песок. ;1982 ;книга ;омонимия снята
 до того, что Её Величество ; чуть ;  ;Её Величество;Sg;N;1;свалиться;0;0;Past;2;0;0;не свалилось с носилок, приветствуя ; Всё было чрезвычайно естественно, вплоть до того, что Её Величество чуть не свалилось с носилок, приветствуя толпу, ибо была слегка, как говорится, вдребодан.  [Василий Аксенов. Круглые сутки нон-стоп // «Новый Мир», 1976] [омонимия снята];;;;;;;;;;;;;Василий Аксенов. Круглые сутки нон-стоп // «Новый Мир», 1976 ;Василий Аксенов ;1932 ;Круглые сутки нон-стоп ;1976 ;художественная ;очерк ; ;«Новый Мир» ;1976 ;журнал ;омонимия снята
 ещё нечто такое, за что ; чуть ;  ;сам;Sg;M;1;сесть;0;0;Past;0;0;0;не сел сам, спешно переехал ; Потом совершил ещё нечто такое, за что чуть не сел сам, спешно переехал в Москву, а тут началась война, и киевским органам стало не до Турганова.  [Владимир Войнович. Иванькиада, или рассказ о вселении писателя Войновича в новую квартиру (1976)] [омонимия снята];;;;;;;;;;;;;Владимир Войнович. Иванькиада, или рассказ о вселении писателя Войновича в новую квартиру (1976) ;Владимир Войнович ;1932 ;Иванькиада, или рассказ о вселении писателя Войновича в новую квартиру ;1976 ;художественная ;повесть ; ;Владимир Войнович. Замысел. ;2000 ;книга ;омонимия снята
 вернулся из леса после похорон, ; чуть ;  ;Глебов;Sg;M;1;умереть;0;0;Past;0;0;0;не умер от воспаления лёгких ; Глебов вернулся из леса после похорон, чуть не умер от воспаления лёгких, его выходила баба Нила.  [Юрий Трифонов. Дом на набережной (1976)] [омонимия снята];;;;;;;;;;;;;Юрий Трифонов. Дом на набережной (1976) ;Юрий Трифонов ;1925 ;Дом на набережной ;1976 ;художественная ;повесть ; ;СС в 4 тт., т.2 ;1986 ;книга ;омонимия снята
   Васюта ; чуть ;;Васюта;Sg;F;1;попасться;0;0;Past;2;0;0;не попалась на хитрость, чуть ;  Васюта чуть не попалась на хитрость, чуть не вскрикнула было, что она помнит все три слова радостных.  [Марк Сергеев. Волшебная галоша, или Необыкновенные приключения Вадима Смирнова, его лучшего друга Паши Кашкина и 33 невидимок из 117-й школы (1971)] [омонимия снята];;;;;;;;;;;;;Марк Сергеев. Волшебная галоша, или Необыкновенные приключения Вадима Смирнова, его лучшего друга Паши Кашкина и 33 невидимок из 117-й школы (1971) ;Марк Сергеев ;1926 ;Волшебная галоша, или Необыкновенные приключения Вадима Смирнова, его лучшего друга Паши Кашкина и 33 невидимок из 117-й школы ;1971 ;художественная ;повесть ; ;Сергеев Марк. Волшебная галоша ;1971 ;книга ;омонимия снята
 рассказала, как она и Куник ; чуть ;  ;она и Куник;Pl;Pl;1;сойти с ума;0;0;Past;3;0;0;не сошли с ума.  ; Однажды рассказала, как она и Куник чуть не сошли с ума.  [Юрий Трифонов. Дом на набережной (1976)] [омонимия снята];;;;;;;;;;;;;Юрий Трифонов. Дом на набережной (1976) ;Юрий Трифонов ;1925 ;Дом на набережной ;1976 ;художественная ;повесть ; ;СС в 4 тт., т.2 ;1986 ;книга ;омонимия снята
   ? Я? стахановец вечный! ? ; чуть ;  ;старик;Sg;M;1;закричать;1;0;Past;1;0;0;не закричал старик.  ;  ? Я? стахановец вечный! ? чуть не закричал старик.  [Василий Шукшин. Калина красная (1973)] [омонимия снята];;;;;;;;;;;;;Василий Шукшин. Калина красная (1973) ;Василий Шукшин ;1929 ;Калина красная ;1973 ;художественная ;киноповесть ; ;Василий Шукшин. Собрание сочинений (в 3 томах), т3 ;2003 ;книга ;омонимия снята
 У меня справка об освобождении! ? ; чуть ;  ;Егор;Sg;M;1;заорать;1;0;Past;1;0;0;не заорал ему в лицо ;  ? У меня справка об освобождении! ? чуть не заорал ему в лицо Егор.  [Василий Шукшин. Калина красная (1973)] [омонимия снята];;;;;;;;;;;;;Василий Шукшин. Калина красная (1973) ;Василий Шукшин ;1929 ;Калина красная ;1973 ;художественная ;киноповесть ; ;Василий Шукшин. Собрание сочинений (в 3 томах), т3 ;2003 ;книга ;омонимия снята
 Да они же изобьют его! ? ; чуть ;  ;Люба;Sg;F;1;плакать;1;0;Past;1;0;0;не плакала Люба.  ;  ? Да они же изобьют его! ? чуть не плакала Люба.  [Василий Шукшин. Калина красная (1973)] [омонимия снята];;;;;;;;;;;;;Василий Шукшин. Калина красная (1973) ;Василий Шукшин ;1929 ;Калина красная ;1973 ;художественная ;киноповесть ; ;Василий Шукшин. Собрание сочинений (в 3 томах), т3 ;2003 ;книга ;омонимия снята
